Workbook

Sheet Sheet1
A3: Row Labels | B3: Sum of Amount
A4: Headphones | B4: 502946
A5: Mobile | B5: 854486
A6: Notebook | B6: 1457211
A7: Printer | B7: 1333393
A8: Tablet | B8: 1410191
A9: Grand Total | B9: 5558227

Sheet sales_2025
I1: total sum | K1: max | L1: min | M1: count
I2: =SUM(E:E)-SUM(F:F) -> 5002404.3 | K2: =MAX(E:E) -> 97825 | L2: =MIN(E:E) -> 2150 | M2: =COUNTIF(E:E,">30000") -> 76 | N2: =AVERAGEIF(B:B,"east",E:E) -> 59174.75
A3: Date | B3: Region | C3: Product | D3: Quantity | E3: Amount | F3: Discount | G3: Date | H3: month | I3: year
A4: 45306 | B4: East | C4: Headphones | D4: 86 | E4: 60638 | F4: =E4*0.1 -> 6063.8 | G4: 15 | H4: 1 | I4: 2024 | J4: =IF(sales_2025!E4>40000,"high","low") -> high | K4: =IF(AND(sales_2025!B4="north",sales_2025!E4>50000),"target is achive",) -> 0
A5: 45416 | B5: East | C5: Headphones | D5: 152 | E5: 30124 | F5: =E5*0.1 -> 3012.4 | G5: 4 | H5: 5 | I5: 2024 | J5: =IF(sales_2025!E5>40000,"high","low") -> low | K5: =IF(AND(sales_2025!B5="north",sales_2025!E5>50000),"target is achive",) -> 0
A6: 45418 | B6: East | C6: Headphones | D6: 33 | E6: 51300 | F6: =E6*0.1 -> 5130 | G6: 6 | H6: 5 | I6: 2024 | J6: =IF(sales_2025!E6>40000,"high","low") -> high | K6: =IF(AND(sales_2025!B6="north",sales_2025!E6>50000),"target is achive",) -> 0
A7: 45437 | B7: East | C7: Headphones | D7: 27 | E7: 20508 | F7: =E7*0.1 -> 2050.8 | G7: 25 | H7: 5 | I7: 2024 | J7: =IF(sales_2025!E7>40000,"high","low") -> low | K7: =IF(AND(sales_2025!B7="north",sales_2025!E7>50000),"target is achive",) -> 0
A8: 45029 | B8: East | C8: Notebook | D8: 54 | E8: 90912 | F8: =E8*0.1 -> 9091.2 | G8: 22 | H8: 1 | I8: 2023 | J8: =IF(sales_2025!E8>40000,"high","low") -> high | K8: =IF(AND(sales_2025!B8="north",sales_2025!E8>50000),"target is achive",) -> 0
A9: 45065 | B9: East | C9: Notebook | D9: 176 | E9: 55340 | F9: =E9*0.1 -> 5534 | G9: 30 | H9: 8 | I9: 2023 | J9: =IF(sales_2025!E9>40000,"high","low") -> high | K9: =IF(AND(sales_2025!B9="north",sales_2025!E9>50000),"target is achive",) -> 0
A10: 45083 | B10: East | C10: Notebook | D10: 127 | E10: 68215 | F10: =E10*0.1 -> 6821.5 | G10: 11 | H10: 3 | I10: 2024 | J10: =IF(sales_2025!E10>40000,"high","low") -> high | K10: =IF(AND(sales_2025!B10="north",sales_2025!E10>50000),"target is achive",) -> 0
A11: 45203 | B11: East | C11: Notebook | D11: 119 | E11: 57661 | F11: =E11*0.1 -> 5766.1 | G11: 7 | H11: 7 | I11: 2023 | J11: =IF(sales_2025!E11>40000,"high","low") -> high | K11: =IF(AND(sales_2025!B11="north",sales_2025!E11>50000),"target is achive",) -> 0
A12: 45270 | B12: East | C12: Notebook | D12: 128 | E12: 50726 | F12: =E12*0.1 -> 5072.6 | G12: 11 | H12: 5 | I12: 2023 | J12: =IF(sales_2025!E12>40000,"high","low") -> high | K12: =IF(AND(sales_2025!B12="north",sales_2025!E12>50000),"target is achive",) -> 0
A13: 45305 | B13: East | C13: Notebook | D13: 153 | E13: 61403 | F13: =E13*0.1 -> 6140.3 | G13: 13 | H13: 4 | I13: 2023 | J13: =IF(sales_2025!E13>40000,"high","low") -> high | K13: =IF(AND(sales_2025!B13="north",sales_2025!E13>50000),"target is achive",) -> 0
A14: 45312 | B14: East | C14: Notebook | D14: 187 | E14: 56609 | F14: =E14*0.1 -> 5660.9 | G14: 19 | H14: 5 | I14: 2023 | J14: =IF(sales_2025!E14>40000,"high","low") -> high | K14: =IF(AND(sales_2025!B14="north",sales_2025!E14>50000),"target is achive",) -> 0
A15: 45314 | B15: East | C15: Notebook | D15: 35 | E15: 40734 | F15: =E15*0.1 -> 4073.4 | G15: 6 | H15: 6 | I15: 2023 | J15: =IF(sales_2025!E15>40000,"high","low") -> high | K15: =IF(AND(sales_2025!B15="north",sales_2025!E15>50000),"target is achive",) -> 0
... A103: 45419 | B103: West | C103: Tablet | D103: 151 | E103: 74666 | F103: =E103*0.1 -> 7466.6 | G103: 7 | H103: 5 | I103: 2024 | J103: =IF(sales_2025!E103>40000,"high","low") -> high | K103: =IF(AND(sales_2025!B103="north",sales_2025!E103>50000),"target is achive",) -> 0

Sheet Group 1 (Sales)
A1: Q# | B1: Task
A2: 1 | B2: Insert 2 rows at the top of dataset. | J2: a
A3: 2 | B3: Rename sheet as 'Sales_2025'. | J3: a
A4: 3 | B4: Apply Bold & Center alignment to headers. | J4: a
A5: 4 | B5: Format Amount column as Currency (₹). | J5: a
A6: 5 | B6: Apply Conditional Formatting to highlight Amount > 50,000. | J6: a
A7: 6 | B7: Insert a new column 'Discount' after Amount. | J7: a
A8: 7 | B8: Use Formula → Discount = Amount * 0.10. | J8: a
A9: 8 | B9: Find Total Sales using SUM. | J9: a
A10: 9 | B10: Find Average Sales per Region (example for East). | J10: a
A11: 10 | B11: Find Max and Min Sale. | J11: a
A12: 11 | B12: Count how many sales are above 30,000. | J12: a
A13: 12 | B13: Sort data by Product A–Z. | J13: a
... A20: 19 | B20: AND → If Region = 'North' AND Amount > 50,000 show 'Target Achieved'. | J20: a
A21: 20 | B21: Pivot Table → Show Sum of Amount by Region.

Sheet Main Data - Employees
A1: EmployeeID | B1: Name | C1: Dept | D1: DOJ | E1: Salary | F1: Name
A2: EMP1014 | B2: Neha Sharma | C2: Sales | D2: 43475 | E2: 79553 | F2: Neha | G2: Sharma | O2: total | P2: admin | Q2: finance | R2: hr | S2: max(hr) | T2: after 2022
A3: EMP1000 | B3: Meera Gupta | C3: Admin | D3: 43506 | E3: 51734 | F3: Meera | G3: Gupta | O3: =SUM(E:E) -> 7030484 | P3: =AVERAGEIF(C:C,"admin",E:E) -> 73672.875 | Q3: =AVERAGEIF(C:C,"finance",E:E) -> 80618.167 | R3: =AVERAGEIF(C:C,"hr",E:E) -> #DIV/0! | S3: =_xlfn.MAXIFS(E:E,C:C,"hr") -> 0 | T3: =COUNTIF(D:D,">1-1-2023") -> 37
A4: EMP1047 | B4: Divya Bose | C4: Marketing | D4: 43516 | E4: 109471 | F4: Divya | G4: Bose
A5: EMP1027 | B5: Priya Patel | C5: Marketing | D5: 43528 | E5: 97303 | F5: Priya | G5: Patel
A6: EMP1097 | B6: Raj Bose | C6: Human Resource | D6: 43534 | E6: 33567 | F6: Raj | G6: Bose
A7: EMP1043 | B7: Pooja Gupta | C7: IT | D7: 43548 | E7: 104579 | F7: Pooja | G7: Gupta
A8: EMP1093 | B8: Reema Bose | C8: Human Resource | D8: 43603 | E8: 37219 | F8: Reema | G8: Bose
A9: EMP1085 | B9: Ravi Mehta | C9: Marketing | D9: 43631 | E9: 44216 | F9: Ravi | G9: Mehta
A10: EMP1022 | B10: Neha Patel | C10: Admin | D10: 43689 | E10: 83656 | F10: Neha | G10: Patel
A11: EMP1067 | B11: Simran Kapoor | C11: Sales | D11: 43701 | E11: 26828 | F11: Simran | G11: Kapoor
A12: EMP1084 | B12: Arjun Bose | C12: Human Resource | D12: 43714 | E12: 88076 | F12: Arjun | G12: Bose
A13: EMP1059 | B13: Nisha Nair | C13: Marketing | D13: 43715 | E13: 116922 | F13: Nisha | G13: Nair
A14: EMP1010 | B14: Sahil Patel | C14: Finance | D14: 43721 | E14: 106449 | F14: Sahil | G14: Patel
A15: EMP1064 | B15: Vikas Nair | C15: Admin | D15: 43733 | E15: 92584 | F15: Vikas | G15: Nair
... A101: EMP1094 | B101: Sahil Iyer | C101: Finance | D101: 45697 | E101: 25235 | F101: Sahil | G101: Iyer

Sheet Group 2 (Employees)
A1: Q# | B1: Task
A2: 1 | B2: Insert a new sheet and name it 'Employees'. | C2: a
A3: 2 | B3: Enter today’s date using shortcut. | C3: a
A4: 3 | B4: Copy & paste Dept column into a new sheet. | C4: a
A5: 4 | B5: Apply cell style → Good to Salary column.
A6: 5 | B6: Format Salary as Accounting (₹). | C6: a
A7: 6 | B7: Apply Conditional Formatting → Highlight Salary < 30,000. | C7: a
A8: 7 | B8: Calculate Total Salary. | C8: a
A9: 8 | B9: Calculate Average Salary per Dept (example HR). | C9: a
A10: 9 | B10: Find Maximum Salary in HR dept. | C10: a
A11: 10 | B11: Count employees who joined after 01-01-2023. | C11: a
A12: 11 | B12: Sort employees by DOJ (Newest first). | C12: a
A13: 12 | B13: Apply Filter → Show only Dept = IT. | C13: a
A14: 13 | B14: Find & Replace 'HR' → 'Human Resource'. | C14: a
A15: 14 | B15: Use Text to Columns → Split Employee Name into First, Last Name.
A16: 15 | B16: Remove duplicate Employee IDs.
A17: 16 | B17: Data Validation → DOJ must be a date only.
A18: 17 | B18: IF → If Salary >= 50,000 → 'Bonus Eligible'.
A19: 18 | B19: OR → If Dept = Sales OR IT → 'Trainer Eligible'.
A20: 19 | B20: Pivot Table → Show Average Salary per Dept.
A21: 20 | B21: Group DOJ column into Year-wise in Pivot Table.

Sheet Employee
E1: Dept
B2: =TODAY() -> 46146 | E2: Admin
E3: Marketing
E4: Sales
E5: Sales
E6: Sales
E7: Sales
E8: HR
E9: Sales
E10: Marketing
E11: Finance
E12: Finance
E13: HR
E14: Sales
... E101: IT

Sheet Main Data - Students
A1: Name | B1: Subject | C1: Marks
A2: Student 12 | B2: Science | C2: 64.4
A3: Student 35 | B3: Math | C3: 40.9
A4: Student 35 | B4: Math | C4: 2.5
A5: Student 1 | B5: History | C5: 15.6
A6: Student 40 | B6: English | C6: 71.6
A7: Student 22 | B7: History | C7: 65.9
A8: Student 29 | B8: History | C8: 2.7
A9: Student 8 | B9: History | C9: 22.2
A10: Student 11 | B10: History | C10: 23.1
A11: Student 37 | B11: Computer | C11: 67.2
A12: Student 14 | B12: Computer | C12: 2
A13: Student 30 | B13: Science | C13: 10.4
... A101: Student 40 | B101: English | C101: 93.7

Sheet Group 3 (Students)
A1: Q# | B1: Task
A2: 1 | B2: Insert a column for 'Grade'.
A3: 2 | B3: Rename sheet as 'Students_Grades'.
A4: 3 | B4: Apply bold + center to all headers.
A5: 4 | B5: Format Marks column as Number with 1 decimal.
A6: 5 | B6: Apply Conditional Formatting → Marks < 35 red fill.
A7: 6 | B7: Use SUM to calculate total marks.
A8: 7 | B8: Use AVERAGE to find avg marks per student (example for Student 1).
A9: 8 | B9: Find Max and Min Marks.
A10: 9 | B10: Count how many scored more than 70.
A11: 10 | B11: Sort Students by Name A–Z.
A12: 11 | B12: Filter → Show only Subject = 'Math'.
A13: 12 | B13: Find & Replace 'Math' → 'Mathematics'.
... A21: 20 | B21: Group Subjects alphabetically and Ungroup.

Sheet Main Data - Products
A1: ProductCode | B1: Product | C1: Category | D1: Quantity | E1: Amount
A2: P10000 | B2: Jeans | C2: Shoes | D2: 170 | E2: 14788
A3: P10001 | B3: Toaster | C3: Clothing | D3: 9 | E3: 24150
A4: P10002 | B4: Mobile | C4: Clothing | D4: 40 | E4: 7040
A5: P10003 | B5: Smartwatch | C5: Shoes | D5: 25 | E5: 32732
A6: P10004 | B6: Shirt | C6: Grocery | D6: 261 | E6: 16922
A7: P10005 | B7: Shirt | C7: Grocery | D7: 226 | E7: 3842
A8: P10006 | B8: Mixer | C8: Clothing | D8: 124 | E8: 42346
A9: P10007 | B9: Mixer | C9: Shoes | D9: 38 | E9: 36112
A10: P10008 | B10: Shirt | C10: Shoes | D10: 251 | E10: 10896
A11: P10009 | B11: Mobile | C11: Home | D11: 176 | E11: 17982
A12: P10010 | B12: Laptop | C12: Grocery | D12: 90 | E12: 23911
A13: P10011 | B13: Headphones | C13: Electronics | D13: 37 | E13: 47266
... A101: P10099 | B101: TV | C101: Clothing | D101: 285 | E101: 49090

Sheet Group 4 (Products)
A1: Q# | B1: Task
A2: 1 | B2: Create a new worksheet 'Products'.
A3: 2 | B3: Insert a column 'Category' after Product (if missing).
A4: 3 | B4: Apply Bold & Center alignment to headers.
A5: 4 | B5: Format Quantity as Number (0 decimals).
A6: 5 | B6: Apply Conditional Formatting → Quantity < 50 (highlight).
A7: 6 | B7: Use SUM → Total Quantity sold.
A8: 7 | B8: Use AVERAGE → Average Quantity per product (example 'Mobile').
A9: 8 | B9: Find Max & Min Quantity.
A10: 9 | B10: Count how many product rows have Quantity > 100.
A11: 10 | B11: Sort data by Amount (Largest to Smallest).
A12: 11 | B12: Apply Filter → Show only Category = 'Electronics'.
A13: 12 | B13: Find & Replace 'Mobile' → 'Smartphone'.
... A21: 20 | B21: Pivot Table → Show Count of Products by Category.
